Email,First_Name,Last_Name,Full_Name,Access
Alexandrina123@yopmail.com,Alexandrina,Irving,Alexandrina Irving,User
Bobinetestuser@mail.com,Bobine,De Bellis,Bobine De Bellis,View
HerbyTuting@yopmail.com,Herby,Tuting,Herby Tuting,Edit
Callitestuser@mail.com,Calli,Ludron,Calli Ludron,View
melani.morar@gmail.com,Melani,Morar,Melani Morar,View
StefanoFarnish@yopmail.com,Stefano,Farnish,Stefano Farnish,User
Tabb123@yopmail.com,Tabb,Nissle,Tabb Nissle,Edit
Child.Mansjs23@mailinator.com,Child,Mansjs,Child Mansjs,User
